{"train/loss":4.7695,"train/epoch":0.00535077288941736,"_timestamp":1.7716391300296874e+09,"train/mean_token_accuracy":0.8275862336158752,"_step":8,"_wandb":{"runtime":8},"_runtime":8,"train/global_step":9,"train/learning_rate":2.3738872403560833e-07,"train/num_tokens":7017,"train/grad_norm":14249.654296875}